{"cameraMode":{"drawMode":0,"name":"Shaded","section":"Shading Mode"},"sceneLighting":true,"audioPlay":false,"sceneViewState":{"showFog":true,"showMaterialUpdate":false,"showSkybox":true,"showFlares":true,"showImageEffects":true,"showParticleSystems":true},"in2DMode":false,"pivot":{"x":-6.742115020751953,"y":2.9971370697021486,"z":226.02577209472657},"rotation":{"x":-0.10237975418567658,"y":-0.661570131778717,"z":0.09188082814216614,"w":-0.7371607422828674},"size":352.7273254394531,"orthographic":false}